name; img_name; gender
Chris; chris.png; m
Chris1; chris.png; w
Chris2; chris.png; m
Chris3; chris.png; w
Chris4; chris.png; w
Chris5; chris.png; m
Chris6; chris.png; w
Chris7; chris.png; w
Chris8; chris.png; m
Chris9; chris.png; w
Chris10; chris.png; m
Chris11; chris.png; w
Chris12; chris.png; w
Chris13; chris.png; m
Chris14; chris.png; m
Chris15; chris.png; w
Chris16; chris.png; m
Chris17; chris.png; w
Chris18; chris.png; w
Chris19; chris.png; w
Chris20; chris.png; m
Chris21; chris.png; w
Chris22; chris.png; w
Chris23; chris.png; w
Chris24; chris.png; m
Chris25; chris.png; w
Chris26; chris.png; w
Chris27; chris.png; w
